if ( $request_filename ~ band/angry-bear ) { rewrite ^ http://www.doindie.co.kr/bands/angry-bear/ permanent; }
if ( $request_filename ~ band/love-x-stereo ) { rewrite ^ http://www.doindie.co.kr/bands/love-x-stereo/ permanent; }
if ( $request_filename ~ band/13-steps ) { rewrite ^ http://www.doindie.co.kr/bands/13-steps/ permanent; }
if ( $request_filename ~ band/ynot ) { rewrite ^ http://www.doindie.co.kr/bands/ynot/ permanent; }
if ( $request_filename ~ band/24-hours ) { rewrite ^ http://www.doindie.co.kr/bands/24-hours/ permanent; }
if ( $request_filename ~ band/kuang-program ) { rewrite ^ http://www.doindie.co.kr/bands/kuang-program/ permanent; }
if ( $request_filename ~ band/vidulgi-ooyoo ) { rewrite ^ http://www.doindie.co.kr/bands/vidulgi-ooyoo/ permanent; }
if ( $request_filename ~ band/a-void ) { rewrite ^ http://www.doindie.co.kr/bands/a-void/ permanent; }
if ( $request_filename ~ band/activers ) { rewrite ^ http://www.doindie.co.kr/bands/activers/ permanent; }
if ( $request_filename ~ band/all-i-have ) { rewrite ^ http://www.doindie.co.kr/bands/all-i-have/ permanent; }
if ( $request_filename ~ band/apollo-18 ) { rewrite ^ http://www.doindie.co.kr/bands/apollo-18/ permanent; }
if ( $request_filename ~ band/asian-chairshot ) { rewrite ^ http://www.doindie.co.kr/bands/asian-chairshot/ permanent; }
if ( $request_filename ~ band/black-bag ) { rewrite ^ http://www.doindie.co.kr/bands/black-bag/ permanent; }
if ( $request_filename ~ band/quartz ) { rewrite ^ http://www.doindie.co.kr/bands/quartz/ permanent; }
if ( $request_filename ~ band/cizzle ) { rewrite ^ http://www.doindie.co.kr/bands/cizzle/ permanent; }
if ( $request_filename ~ band/combative-post ) { rewrite ^ http://www.doindie.co.kr/bands/combative-post/ permanent; }
if ( $request_filename ~ band/coremagazine ) { rewrite ^ http://www.doindie.co.kr/bands/coremagazine/ permanent; }
if ( $request_filename ~ band/pandaz ) { rewrite ^ http://www.doindie.co.kr/bands/pandaz/ permanent; }
if ( $request_filename ~ band/teardrop ) { rewrite ^ http://www.doindie.co.kr/bands/teardrop/ permanent; }
if ( $request_filename ~ band/teddy-boys ) { rewrite ^ http://www.doindie.co.kr/bands/teddy-boys/ permanent; }
if ( $request_filename ~ band/juckjuck-grunzie ) { rewrite ^ http://www.doindie.co.kr/bands/juckjuck-grunzie/ permanent; }
if ( $request_filename ~ band/design ) { rewrite ^ http://www.doindie.co.kr/bands/design/ permanent; }
if ( $request_filename ~ band/diablo ) { rewrite ^ http://www.doindie.co.kr/bands/diablo/ permanent; }
if ( $request_filename ~ band/dongmyo-police-box ) { rewrite ^ http://www.doindie.co.kr/bands/dongmyo-police-box/ permanent; }
if ( $request_filename ~ band/ece-emergency-call-equipment ) { rewrite ^ http://www.doindie.co.kr/bands/ece-emergency-call-equipment/ permanent; }
if ( $request_filename ~ band/harrybigbutton ) { rewrite ^ http://www.doindie.co.kr/bands/harrybigbutton/ permanent; }
if ( $request_filename ~ band/kingston-rudieska ) { rewrite ^ http://www.doindie.co.kr/bands/kingston-rudieska/ permanent; }
if ( $request_filename ~ band/toyshop ) { rewrite ^ http://www.doindie.co.kr/bands/toyshop/ permanent; }
if ( $request_filename ~ band/wings-of-the-isang ) { rewrite ^ http://www.doindie.co.kr/bands/wings-of-the-isang/ permanent; }
if ( $request_filename ~ band/yokayingun ) { rewrite ^ http://www.doindie.co.kr/bands/yokayingun/ permanent; }
if ( $request_filename ~ band/oops-nice ) { rewrite ^ http://www.doindie.co.kr/bands/oops-nice/ permanent; }
if ( $request_filename ~ band/hello-stranger ) { rewrite ^ http://www.doindie.co.kr/bands/hello-stranger/ permanent; }
if ( $request_filename ~ band/bimilie ) { rewrite ^ http://www.doindie.co.kr/bands/bimilie/ permanent; }
if ( $request_filename ~ band/blunt ) { rewrite ^ http://www.doindie.co.kr/bands/blunt/ permanent; }
if ( $request_filename ~ band/bucket-list ) { rewrite ^ http://www.doindie.co.kr/bands/bucket-list/ permanent; }
if ( $request_filename ~ band/crimson-butterfly-ensemble ) { rewrite ^ http://www.doindie.co.kr/bands/crimson-butterfly-ensemble/ permanent; }
if ( $request_filename ~ band/e-t ) { rewrite ^ http://www.doindie.co.kr/bands/e-t/ permanent; }
if ( $request_filename ~ band/elekstic ) { rewrite ^ http://www.doindie.co.kr/bands/elekstic/ permanent; }
if ( $request_filename ~ band/every-single-day ) { rewrite ^ http://www.doindie.co.kr/bands/every-single-day/ permanent; }
if ( $request_filename ~ band/fantastic-drugstore ) { rewrite ^ http://www.doindie.co.kr/bands/fantastic-drugstore/ permanent; }
if ( $request_filename ~ band/faulo-city ) { rewrite ^ http://www.doindie.co.kr/bands/faulo-city/ permanent; }
if ( $request_filename ~ band/galaxy-express ) { rewrite ^ http://www.doindie.co.kr/bands/galaxy-express/ permanent; }
if ( $request_filename ~ band/gray-way ) { rewrite ^ http://www.doindie.co.kr/bands/gray-way/ permanent; }
if ( $request_filename ~ band/gwamegi ) { rewrite ^ http://www.doindie.co.kr/bands/gwamegi/ permanent; }
if ( $request_filename ~ band/hologram-film ) { rewrite ^ http://www.doindie.co.kr/bands/hologram-film/ permanent; }
if ( $request_filename ~ band/bamspicnic ) { rewrite ^ http://www.doindie.co.kr/bands/bamspicnic/ permanent; }
if ( $request_filename ~ band/no-1-korean ) { rewrite ^ http://www.doindie.co.kr/bands/no-1-korean/ permanent; }
if ( $request_filename ~ band/number-nine ) { rewrite ^ http://www.doindie.co.kr/bands/number-nine/ permanent; }
if ( $request_filename ~ band/water ) { rewrite ^ http://www.doindie.co.kr/bands/water/ permanent; }
if ( $request_filename ~ band/secret-pub ) { rewrite ^ http://www.doindie.co.kr/bands/secret-pub/ permanent; }
if ( $request_filename ~ band/spotlight ) { rewrite ^ http://www.doindie.co.kr/bands/spotlight/ permanent; }
if ( $request_filename ~ band/story-seller ) { rewrite ^ http://www.doindie.co.kr/bands/story-seller/ permanent; }
if ( $request_filename ~ band/vendingmachine ) { rewrite ^ http://www.doindie.co.kr/bands/vendingmachine/ permanent; }
if ( $request_filename ~ band/vanila-city ) { rewrite ^ http://www.doindie.co.kr/bands/vanila-city/ permanent; }
if ( $request_filename ~ band/men-ne-maggiy ) { rewrite ^ http://www.doindie.co.kr/bands/men-ne-maggiy/ permanent; }
if ( $request_filename ~ band/seogyo-group-sound ) { rewrite ^ http://www.doindie.co.kr/bands/seogyo-group-sound/ permanent; }
if ( $request_filename ~ band/hound ) { rewrite ^ http://www.doindie.co.kr/bands/hound/ permanent; }
if ( $request_filename ~ band/mintgray ) { rewrite ^ http://www.doindie.co.kr/bands/mintgray/ permanent; }
if ( $request_filename ~ band/knave ) { rewrite ^ http://www.doindie.co.kr/bands/knave/ permanent; }
if ( $request_filename ~ band/last-of-the-diehards ) { rewrite ^ http://www.doindie.co.kr/bands/last-of-the-diehards/ permanent; }
if ( $request_filename ~ band/eastern-sidekick ) { rewrite ^ http://www.doindie.co.kr/bands/eastern-sidekick/ permanent; }
if ( $request_filename ~ band/laydown ) { rewrite ^ http://www.doindie.co.kr/bands/laydown/ permanent; }
if ( $request_filename ~ band/mary-story ) { rewrite ^ http://www.doindie.co.kr/bands/mary-story/ permanent; }
if ( $request_filename ~ band/les-sales ) { rewrite ^ http://www.doindie.co.kr/bands/les-sales/ permanent; }
if ( $request_filename ~ band/magna-fall ) { rewrite ^ http://www.doindie.co.kr/bands/magna-fall/ permanent; }
if ( $request_filename ~ band/lexit ) { rewrite ^ http://www.doindie.co.kr/bands/lexit/ permanent; }
if ( $request_filename ~ band/litter ) { rewrite ^ http://www.doindie.co.kr/bands/litter/ permanent; }
if ( $request_filename ~ band/relot ) { rewrite ^ http://www.doindie.co.kr/bands/relot/ permanent; }
if ( $request_filename ~ band/mamalady ) { rewrite ^ http://www.doindie.co.kr/bands/mamalady/ permanent; }
if ( $request_filename ~ band/damagia ) { rewrite ^ http://www.doindie.co.kr/bands/damagia/ permanent; }
if ( $request_filename ~ band/blacksmith ) { rewrite ^ http://www.doindie.co.kr/bands/blacksmith/ permanent; }
if ( $request_filename ~ band/manixive ) { rewrite ^ http://www.doindie.co.kr/bands/manixive/ permanent; }
if ( $request_filename ~ band/igniter ) { rewrite ^ http://www.doindie.co.kr/bands/igniter/ permanent; }
if ( $request_filename ~ band/livingstonedaisy ) { rewrite ^ http://www.doindie.co.kr/bands/livingstonedaisy/ permanent; }
if ( $request_filename ~ band/the-veggers ) { rewrite ^ http://www.doindie.co.kr/bands/the-veggers/ permanent; }
if ( $request_filename ~ band/me-me-me ) { rewrite ^ http://www.doindie.co.kr/bands/me-me-me/ permanent; }
if ( $request_filename ~ band/dalmaseonsaeng ) { rewrite ^ http://www.doindie.co.kr/bands/dalmaseonsaeng/ permanent; }
if ( $request_filename ~ band/melting-pot ) { rewrite ^ http://www.doindie.co.kr/bands/melting-pot/ permanent; }
if ( $request_filename ~ band/gomangddola ) { rewrite ^ http://www.doindie.co.kr/bands/gomangddola/ permanent; }
if ( $request_filename ~ band/midnight-smokin-drive ) { rewrite ^ http://www.doindie.co.kr/bands/midnight-smokin-drive/ permanent; }
if ( $request_filename ~ band/modsdive ) { rewrite ^ http://www.doindie.co.kr/bands/modsdive/ permanent; }
if ( $request_filename ~ band/we-hate-jh ) { rewrite ^ http://www.doindie.co.kr/bands/we-hate-jh/ permanent; }
if ( $request_filename ~ band/mogavi ) { rewrite ^ http://www.doindie.co.kr/bands/mogavi/ permanent; }
if ( $request_filename ~ band/moon-whales ) { rewrite ^ http://www.doindie.co.kr/bands/moon-whales/ permanent; }
if ( $request_filename ~ band/wasted-johnnys ) { rewrite ^ http://www.doindie.co.kr/bands/wasted-johnnys/ permanent; }
if ( $request_filename ~ band/moon4chul ) { rewrite ^ http://www.doindie.co.kr/bands/moon4chul/ permanent; }
if ( $request_filename ~ band/valve-state ) { rewrite ^ http://www.doindie.co.kr/bands/valve-state/ permanent; }
if ( $request_filename ~ band/hoochus ) { rewrite ^ http://www.doindie.co.kr/bands/hoochus/ permanent; }
if ( $request_filename ~ band/sultan-of-the-disco ) { rewrite ^ http://www.doindie.co.kr/bands/sultan-of-the-disco/ permanent; }
if ( $request_filename ~ band/counter-reset ) { rewrite ^ http://www.doindie.co.kr/bands/counter-reset/ permanent; }
if ( $request_filename ~ band/kwon-milk-the-greatest-voyage ) { rewrite ^ http://www.doindie.co.kr/bands/kwon-milk-the-greatest-voyage/ permanent; }
if ( $request_filename ~ band/lowdown-30 ) { rewrite ^ http://www.doindie.co.kr/bands/lowdown-30/ permanent; }
if ( $request_filename ~ band/rock-n-roll-radio ) { rewrite ^ http://www.doindie.co.kr/bands/rock-n-roll-radio/ permanent; }
if ( $request_filename ~ band/peterpan-complex ) { rewrite ^ http://www.doindie.co.kr/bands/peterpan-complex/ permanent; }
if ( $request_filename ~ band/bluepaprika ) { rewrite ^ http://www.doindie.co.kr/bands/bluepaprika/ permanent; }
if ( $request_filename ~ band/the-rocktigers ) { rewrite ^ http://www.doindie.co.kr/bands/the-rocktigers/ permanent; }
if ( $request_filename ~ band/my-last-enemy ) { rewrite ^ http://www.doindie.co.kr/bands/my-last-enemy/ permanent; }
if ( $request_filename ~ band/night-oclock ) { rewrite ^ http://www.doindie.co.kr/bands/night-oclock/ permanent; }
if ( $request_filename ~ band/ninesin ) { rewrite ^ http://www.doindie.co.kr/bands/ninesin/ permanent; }
if ( $request_filename ~ band/noeazy ) { rewrite ^ http://www.doindie.co.kr/bands/noeazy/ permanent; }
if ( $request_filename ~ band/on-the-spot ) { rewrite ^ http://www.doindie.co.kr/bands/on-the-spot/ permanent; }
if ( $request_filename ~ band/painters ) { rewrite ^ http://www.doindie.co.kr/bands/painters/ permanent; }
if ( $request_filename ~ band/way100seal-h ) { rewrite ^ http://www.doindie.co.kr/bands/way100seal-h/ permanent; }
if ( $request_filename ~ band/joa-band ) { rewrite ^ http://www.doindie.co.kr/bands/joa-bands/ permanent; }
if ( $request_filename ~ band/yellow-monsters ) { rewrite ^ http://www.doindie.co.kr/bands/yellow-monsters/ permanent; }
if ( $request_filename ~ band/rooster-ride ) { rewrite ^ http://www.doindie.co.kr/bands/rooster-ride/ permanent; }
if ( $request_filename ~ band/panic-switch ) { rewrite ^ http://www.doindie.co.kr/bands/panic-switch/ permanent; }
if ( $request_filename ~ band/tacopy ) { rewrite ^ http://www.doindie.co.kr/bands/tacopy/ permanent; }
if ( $request_filename ~ band/tehiun-and-purijah ) { rewrite ^ http://www.doindie.co.kr/bands/tehiun-and-purijah/ permanent; }
if ( $request_filename ~ band/danpyeon-shortcuts ) { rewrite ^ http://www.doindie.co.kr/bands/danpyeon-shortcuts/ permanent; }
if ( $request_filename ~ band/monobarn ) { rewrite ^ http://www.doindie.co.kr/bands/monobarn/ permanent; }
if ( $request_filename ~ band/sae ) { rewrite ^ http://www.doindie.co.kr/bands/sae/ permanent; }
if ( $request_filename ~ band/sagitta ) { rewrite ^ http://www.doindie.co.kr/bands/sagitta/ permanent; }
if ( $request_filename ~ band/overseas-chinese-culture ) { rewrite ^ http://www.doindie.co.kr/bands/overseas-chinese-culture/ permanent; }
if ( $request_filename ~ band/phantomz ) { rewrite ^ http://www.doindie.co.kr/bands/phantomz/ permanent; }
if ( $request_filename ~ band/post-panic ) { rewrite ^ http://www.doindie.co.kr/bands/post-panic/ permanent; }
if ( $request_filename ~ band/reflex ) { rewrite ^ http://www.doindie.co.kr/bands/reflex/ permanent; }
if ( $request_filename ~ band/remains ) { rewrite ^ http://www.doindie.co.kr/bands/remains/ permanent; }
if ( $request_filename ~ band/small-o ) { rewrite ^ http://www.doindie.co.kr/bands/small-o/ permanent; }
if ( $request_filename ~ band/windy-city ) { rewrite ^ http://www.doindie.co.kr/bands/windy-city/ permanent; }
if ( $request_filename ~ band/sogyumo-acacia-band ) { rewrite ^ http://www.doindie.co.kr/bands/sogyumo-acacia-bands/ permanent; }
if ( $request_filename ~ band/kumca ) { rewrite ^ http://www.doindie.co.kr/bands/kumca/ permanent; }
if ( $request_filename ~ band/huckleberry-finn ) { rewrite ^ http://www.doindie.co.kr/bands/huckleberry-finn/ permanent; }
if ( $request_filename ~ band/mitm ) { rewrite ^ http://www.doindie.co.kr/bands/mitm/ permanent; }
if ( $request_filename ~ band/no-brain ) { rewrite ^ http://www.doindie.co.kr/bands/no-brain/ permanent; }
if ( $request_filename ~ band/crying-nut ) { rewrite ^ http://www.doindie.co.kr/bands/crying-nut/ permanent; }
if ( $request_filename ~ band/gogoboys ) { rewrite ^ http://www.doindie.co.kr/bands/gogoboys/ permanent; }
if ( $request_filename ~ band/theatre-8 ) { rewrite ^ http://www.doindie.co.kr/bands/theatre-8/ permanent; }
if ( $request_filename ~ band/electric-eels-2 ) { rewrite ^ http://www.doindie.co.kr/bands/electric-eels-2/ permanent; }
if ( $request_filename ~ band/glen-check ) { rewrite ^ http://www.doindie.co.kr/bands/glen-check/ permanent; }
if ( $request_filename ~ band/rhyme-vary ) { rewrite ^ http://www.doindie.co.kr/bands/rhyme-vary/ permanent; }
if ( $request_filename ~ band/romantiqua ) { rewrite ^ http://www.doindie.co.kr/bands/romantiqua/ permanent; }
if ( $request_filename ~ band/skasucks ) { rewrite ^ http://www.doindie.co.kr/bands/skasucks/ permanent; }
if ( $request_filename ~ band/space-papa ) { rewrite ^ http://www.doindie.co.kr/bands/space-papa/ permanent; }
if ( $request_filename ~ band/the-quip ) { rewrite ^ http://www.doindie.co.kr/bands/the-quip/ permanent; }
if ( $request_filename ~ band/the-solutions ) { rewrite ^ http://www.doindie.co.kr/bands/the-solutions/ permanent; }
if ( $request_filename ~ band/williams-town ) { rewrite ^ http://www.doindie.co.kr/bands/williams-town/ permanent; }
if ( $request_filename ~ band/jang-kiha-and-faces ) { rewrite ^ http://www.doindie.co.kr/bands/jang-kiha-and-faces/ permanent; }
if ( $request_filename ~ band/11-v-11 ) { rewrite ^ http://www.doindie.co.kr/bands/11-v-11/ permanent; }
if ( $request_filename ~ band/the-vale ) { rewrite ^ http://www.doindie.co.kr/bands/the-vale/ permanent; }
if ( $request_filename ~ band/thornapple ) { rewrite ^ http://www.doindie.co.kr/bands/thornapple/ permanent; }
if ( $request_filename ~ band/to-my-last-breath ) { rewrite ^ http://www.doindie.co.kr/bands/to-my-last-breath/ permanent; }
if ( $request_filename ~ band/tyne ) { rewrite ^ http://www.doindie.co.kr/bands/tyne/ permanent; }
if ( $request_filename ~ band/amateur-amplifier ) { rewrite ^ http://www.doindie.co.kr/bands/amateur-amplifier/ permanent; }
if ( $request_filename ~ band/annyeongbada-bye-bye-sea ) { rewrite ^ http://www.doindie.co.kr/bands/annyeongbada-bye-bye-sea/ permanent; }
if ( $request_filename ~ band/gate-flowers ) { rewrite ^ http://www.doindie.co.kr/bands/gate-flowers/ permanent; }
if ( $request_filename ~ band/goonamguayeoridingstella ) { rewrite ^ http://www.doindie.co.kr/bands/goonamguayeoridingstella/ permanent; }
if ( $request_filename ~ band/the-strikers ) { rewrite ^ http://www.doindie.co.kr/bands/the-strikers/ permanent; }
if ( $request_filename ~ band/norwegian-wood ) { rewrite ^ http://www.doindie.co.kr/bands/norwegian-wood/ permanent; }
if ( $request_filename ~ band/tierpark ) { rewrite ^ http://www.doindie.co.kr/bands/tierpark/ permanent; }
if ( $request_filename ~ band/13-dayz ) { rewrite ^ http://www.doindie.co.kr/bands/13-dayz/ permanent; }
if ( $request_filename ~ band/superkidd ) { rewrite ^ http://www.doindie.co.kr/bands/superkidd/ permanent; }
if ( $request_filename ~ band/atlat ) { rewrite ^ http://www.doindie.co.kr/bands/atlat/ permanent; }
if ( $request_filename ~ band/monni ) { rewrite ^ http://www.doindie.co.kr/bands/monni/ permanent; }
if ( $request_filename ~ band/aux ) { rewrite ^ http://www.doindie.co.kr/bands/aux/ permanent; }
if ( $request_filename ~ band/bad-cupid ) { rewrite ^ http://www.doindie.co.kr/bands/bad-cupid/ permanent; }
if ( $request_filename ~ band/band-noxx ) { rewrite ^ http://www.doindie.co.kr/bands/bands-noxx/ permanent; }
if ( $request_filename ~ band/blackdog ) { rewrite ^ http://www.doindie.co.kr/bands/blackdog/ permanent; }
if ( $request_filename ~ band/pia ) { rewrite ^ http://www.doindie.co.kr/bands/pia/ permanent; }
if ( $request_filename ~ band/ashgray ) { rewrite ^ http://www.doindie.co.kr/bands/ashgray/ permanent; }
if ( $request_filename ~ band/19k ) { rewrite ^ http://www.doindie.co.kr/bands/19k/ permanent; }
if ( $request_filename ~ band/danpyunsun ) { rewrite ^ http://www.doindie.co.kr/bands/danpyunsun/ permanent; }
if ( $request_filename ~ band/sumyunband ) { rewrite ^ http://www.doindie.co.kr/bands/sumyunbands/ permanent; }
if ( $request_filename ~ band/we-dance ) { rewrite ^ http://www.doindie.co.kr/bands/we-dance/ permanent; }
if ( $request_filename ~ band/ironic-hue ) { rewrite ^ http://www.doindie.co.kr/bands/ironic-hue/ permanent; }
if ( $request_filename ~ band/yukari ) { rewrite ^ http://www.doindie.co.kr/bands/yukari/ permanent; }
if ( $request_filename ~ band/rapercussion ) { rewrite ^ http://www.doindie.co.kr/bands/rapercussion/ permanent; }
if ( $request_filename ~ band/ibadi ) { rewrite ^ http://www.doindie.co.kr/bands/ibadi/ permanent; }
if ( $request_filename ~ band/k-afka ) { rewrite ^ http://www.doindie.co.kr/bands/k-afka/ permanent; }
if ( $request_filename ~ band/daybreak ) { rewrite ^ http://www.doindie.co.kr/bands/daybreak/ permanent; }
if ( $request_filename ~ band/no-reply ) { rewrite ^ http://www.doindie.co.kr/bands/no-reply/ permanent; }
if ( $request_filename ~ band/mate ) { rewrite ^ http://www.doindie.co.kr/bands/mate/ permanent; }
if ( $request_filename ~ band/gogo-star ) { rewrite ^ http://www.doindie.co.kr/bands/gogo-star/ permanent; }
if ( $request_filename ~ band/3rd-line-butterfly ) { rewrite ^ http://www.doindie.co.kr/bands/3rd-line-butterfly/ permanent; }
if ( $request_filename ~ band/guckkasten ) { rewrite ^ http://www.doindie.co.kr/bands/guckkasten/ permanent; }
if ( $request_filename ~ band/0sinho ) { rewrite ^ http://www.doindie.co.kr/bands/0sinho/ permanent; }
if ( $request_filename ~ band/momguamaum ) { rewrite ^ http://www.doindie.co.kr/bands/momguamaum/ permanent; }
if ( $request_filename ~ band/four-brothers ) { rewrite ^ http://www.doindie.co.kr/bands/four-brothers/ permanent; }
if ( $request_filename ~ band/mukimukimanmansu ) { rewrite ^ http://www.doindie.co.kr/bands/mukimukimanmansu/ permanent; }
if ( $request_filename ~ band/bye-bye-badman ) { rewrite ^ http://www.doindie.co.kr/bands/bye-bye-badman/ permanent; }
if ( $request_filename ~ band/daydream ) { rewrite ^ http://www.doindie.co.kr/bands/daydream/ permanent; }
if ( $request_filename ~ band/kim-tae-chun ) { rewrite ^ http://www.doindie.co.kr/bands/kim-tae-chun/ permanent; }
if ( $request_filename ~ band/kim-il-du ) { rewrite ^ http://www.doindie.co.kr/bands/kim-il-du/ permanent; }
if ( $request_filename ~ band/hellivision ) { rewrite ^ http://www.doindie.co.kr/bands/hellivision/ permanent; }
if ( $request_filename ~ band/uhf ) { rewrite ^ http://www.doindie.co.kr/bands/uhf/ permanent; }
if ( $request_filename ~ band/aggudle ) { rewrite ^ http://www.doindie.co.kr/bands/aggudle/ permanent; }
if ( $request_filename ~ band/stereobay ) { rewrite ^ http://www.doindie.co.kr/bands/stereobay/ permanent; }
if ( $request_filename ~ band/steamboys-2 ) { rewrite ^ http://www.doindie.co.kr/bands/steamboys-2/ permanent; }
if ( $request_filename ~ band/lucite-tokki ) { rewrite ^ http://www.doindie.co.kr/bands/lucite-tokki/ permanent; }
if ( $request_filename ~ band/all-for-nothing ) { rewrite ^ http://www.doindie.co.kr/bands/all-for-nothing/ permanent; }
if ( $request_filename ~ band/cony ) { rewrite ^ http://www.doindie.co.kr/bands/cony/ permanent; }
if ( $request_filename ~ band/daeyeon-cho ) { rewrite ^ http://www.doindie.co.kr/bands/daeyeon-cho/ permanent; }
if ( $request_filename ~ band/disfigure ) { rewrite ^ http://www.doindie.co.kr/bands/disfigure/ permanent; }
if ( $request_filename ~ band/dog-last-page ) { rewrite ^ http://www.doindie.co.kr/bands/dog-last-page/ permanent; }
if ( $request_filename ~ band/drongo ) { rewrite ^ http://www.doindie.co.kr/bands/drongo/ permanent; }
if ( $request_filename ~ band/eighteen-april ) { rewrite ^ http://www.doindie.co.kr/bands/eighteen-april/ permanent; }
if ( $request_filename ~ band/hades-the-violet ) { rewrite ^ http://www.doindie.co.kr/bands/hades-the-violet/ permanent; }
if ( $request_filename ~ band/holyroute ) { rewrite ^ http://www.doindie.co.kr/bands/holyroute/ permanent; }
if ( $request_filename ~ band/the-rub ) { rewrite ^ http://www.doindie.co.kr/bands/the-rub/ permanent; }
if ( $request_filename ~ band/genius ) { rewrite ^ http://www.doindie.co.kr/bands/genius/ permanent; }
if ( $request_filename ~ band/sunkyeol ) { rewrite ^ http://www.doindie.co.kr/bands/sunkyeol/ permanent; }
if ( $request_filename ~ band/pigibit5 ) { rewrite ^ http://www.doindie.co.kr/bands/pigibit5/ permanent; }
if ( $request_filename ~ band/siwa ) { rewrite ^ http://www.doindie.co.kr/bands/siwa/ permanent; }
if ( $request_filename ~ band/twomyung ) { rewrite ^ http://www.doindie.co.kr/bands/twomyung/ permanent; }
if ( $request_filename ~ band/slow-dress ) { rewrite ^ http://www.doindie.co.kr/bands/slow-dress/ permanent; }
if ( $request_filename ~ band/the-black-skirts ) { rewrite ^ http://www.doindie.co.kr/bands/the-black-skirts/ permanent; }
if ( $request_filename ~ band/dear-cloud ) { rewrite ^ http://www.doindie.co.kr/bands/dear-cloud/ permanent; }
if ( $request_filename ~ band/nine9 ) { rewrite ^ http://www.doindie.co.kr/bands/nine9/ permanent; }
if ( $request_filename ~ band/9-and-the-numbers ) { rewrite ^ http://www.doindie.co.kr/bands/9-and-the-numbers/ permanent; }
if ( $request_filename ~ band/hail ) { rewrite ^ http://www.doindie.co.kr/bands/hail/ permanent; }
if ( $request_filename ~ band/rainbow99 ) { rewrite ^ http://www.doindie.co.kr/bands/rainbow99/ permanent; }
if ( $request_filename ~ band/googolplex ) { rewrite ^ http://www.doindie.co.kr/bands/googolplex/ permanent; }
if ( $request_filename ~ band/the-geeks ) { rewrite ^ http://www.doindie.co.kr/bands/the-geeks/ permanent; }
if ( $request_filename ~ band/404-2 ) { rewrite ^ http://www.doindie.co.kr/bands/404-2/ permanent; }
if ( $request_filename ~ band/from-the-airport ) { rewrite ^ http://www.doindie.co.kr/bands/from-the-airport/ permanent; }
if ( $request_filename ~ band/achime ) { rewrite ^ http://www.doindie.co.kr/bands/achime/ permanent; }
if ( $request_filename ~ band/the-lads ) { rewrite ^ http://www.doindie.co.kr/bands/the-lads/ permanent; }
if ( $request_filename ~ band/used-cassettes ) { rewrite ^ http://www.doindie.co.kr/bands/used-cassettes/ permanent; }
if ( $request_filename ~ band/whowho ) { rewrite ^ http://www.doindie.co.kr/bands/whowho/ permanent; }
if ( $request_filename ~ band/rocket-diary ) { rewrite ^ http://www.doindie.co.kr/bands/rocket-diary/ permanent; }
if ( $request_filename ~ band/we-are-the-night ) { rewrite ^ http://www.doindie.co.kr/bands/we-are-the-night/ permanent; }
if ( $request_filename ~ band/mimi-sisters ) { rewrite ^ http://www.doindie.co.kr/bands/mimi-sisters/ permanent; }
if ( $request_filename ~ band/bo-bae ) { rewrite ^ http://www.doindie.co.kr/bands/bo-bae/ permanent; }
if ( $request_filename ~ band/jambinai ) { rewrite ^ http://www.doindie.co.kr/bands/jambinai/ permanent; }
if ( $request_filename ~ band/rossy-pp ) { rewrite ^ http://www.doindie.co.kr/bands/rossy-pp/ permanent; }
if ( $request_filename ~ band/coreyah ) { rewrite ^ http://www.doindie.co.kr/bands/coreyah/ permanent; }
if ( $request_filename ~ band/phone-booth ) { rewrite ^ http://www.doindie.co.kr/bands/phone-booth/ permanent; }
if ( $request_filename ~ band/south-carnival ) { rewrite ^ http://www.doindie.co.kr/bands/south-carnival/ permanent; }
if ( $request_filename ~ band/ska-wakers ) { rewrite ^ http://www.doindie.co.kr/bands/ska-wakers/ permanent; }
if ( $request_filename ~ band/10cm ) { rewrite ^ http://www.doindie.co.kr/bands/10cm/ permanent; }
if ( $request_filename ~ band/watersports ) { rewrite ^ http://www.doindie.co.kr/bands/watersports/ permanent; }
if ( $request_filename ~ band/noisecat ) { rewrite ^ http://www.doindie.co.kr/bands/noisecat/ permanent; }
if ( $request_filename ~ band/non ) { rewrite ^ http://www.doindie.co.kr/bands/non/ permanent; }
if ( $request_filename ~ band/swingz ) { rewrite ^ http://www.doindie.co.kr/bands/swingz/ permanent; }
if ( $request_filename ~ band/mongoose ) { rewrite ^ http://www.doindie.co.kr/bands/mongoose/ permanent; }
if ( $request_filename ~ band/idiotape ) { rewrite ^ http://www.doindie.co.kr/bands/idiotape/ permanent; }
if ( $request_filename ~ band/the-march-kings ) { rewrite ^ http://www.doindie.co.kr/bands/the-march-kings/ permanent; }
if ( $request_filename ~ band/veins ) { rewrite ^ http://www.doindie.co.kr/bands/veins/ permanent; }
if ( $request_filename ~ band/okdal ) { rewrite ^ http://www.doindie.co.kr/bands/okdal/ permanent; }
if ( $request_filename ~ band/ondahl ) { rewrite ^ http://www.doindie.co.kr/bands/ondahl/ permanent; }
if ( $request_filename ~ band/neon-bunny ) { rewrite ^ http://www.doindie.co.kr/bands/neon-bunny/ permanent; }
if ( $request_filename ~ band/achtung ) { rewrite ^ http://www.doindie.co.kr/bands/achtung/ permanent; }
if ( $request_filename ~ band/beam-eyes-beam ) { rewrite ^ http://www.doindie.co.kr/bands/beam-eyes-beam/ permanent; }
if ( $request_filename ~ band/swimmingdoll ) { rewrite ^ http://www.doindie.co.kr/bands/swimmingdoll/ permanent; }
if ( $request_filename ~ band/oh-brothers ) { rewrite ^ http://www.doindie.co.kr/bands/oh-brothers/ permanent; }
if ( $request_filename ~ band/%eb%8d%94-%ed%8c%8c%ec%8a%a4%ed%8a%b8%ec%9b%8c%ec%bb%a4%ec%8a%a4 ) { rewrite ^ http://www.doindie.co.kr/bands/%eb%8d%94-%ed%8c%8c%ec%8a%a4%ed%8a%b8%ec%9b%8c%ec%bb%a4%ec%8a%a4/ permanent; }
if ( $request_filename ~ band/deli-spice ) { rewrite ^ http://www.doindie.co.kr/bands/deli-spice/ permanent; }
if ( $request_filename ~ band/the-moonshiners ) { rewrite ^ http://www.doindie.co.kr/bands/the-moonshiners/ permanent; }
if ( $request_filename ~ band/asleep-without-dreaming ) { rewrite ^ http://www.doindie.co.kr/bands/asleep-without-dreaming/ permanent; }
if ( $request_filename ~ band/one-drop-east ) { rewrite ^ http://www.doindie.co.kr/bands/one-drop-east/ permanent; }
if ( $request_filename ~ band/the-koxx ) { rewrite ^ http://www.doindie.co.kr/bands/the-koxx/ permanent; }
if ( $request_filename ~ band/the-freaks-yalgaedle ) { rewrite ^ http://www.doindie.co.kr/bands/the-freaks-yalgaedle/ permanent; }
if ( $request_filename ~ band/atom-machine ) { rewrite ^ http://www.doindie.co.kr/bands/atom-machine/ permanent; }
if ( $request_filename ~ band/new-blue-death ) { rewrite ^ http://www.doindie.co.kr/bands/new-blue-death/ permanent; }
if ( $request_filename ~ band/the-killer-drones ) { rewrite ^ http://www.doindie.co.kr/bands/the-killer-drones/ permanent; }
if ( $request_filename ~ band/pika ) { rewrite ^ http://www.doindie.co.kr/bands/pika/ permanent; }
if ( $request_filename ~ band/madmans-esprit ) { rewrite ^ http://www.doindie.co.kr/bands/madmans-esprit/ permanent; }
if ( $request_filename ~ band/gichii ) { rewrite ^ http://www.doindie.co.kr/bands/gichii/ permanent; }
if ( $request_filename ~ band/sellinsellyselline ) { rewrite ^ http://www.doindie.co.kr/bands/sellinsellyselline/ permanent; }
if ( $request_filename ~ band/loros ) { rewrite ^ http://www.doindie.co.kr/bands/loros/ permanent; }
if ( $request_filename ~ band/no-respect-for-beauty ) { rewrite ^ http://www.doindie.co.kr/bands/no-respect-for-beauty/ permanent; }
if ( $request_filename ~ band/the-studs-lonigan-experience ) { rewrite ^ http://www.doindie.co.kr/bands/the-studs-lonigan-experience/ permanent; }
if ( $request_filename ~ band/clamono ) { rewrite ^ http://www.doindie.co.kr/bands/clamono/ permanent; }
if ( $request_filename ~ band/rux ) { rewrite ^ http://www.doindie.co.kr/bands/rux/ permanent; }
if ( $request_filename ~ band/taru ) { rewrite ^ http://www.doindie.co.kr/bands/taru/ permanent; }
if ( $request_filename ~ band/yaya ) { rewrite ^ http://www.doindie.co.kr/bands/yaya/ permanent; }
if ( $request_filename ~ band/frenzy ) { rewrite ^ http://www.doindie.co.kr/bands/frenzy/ permanent; }
if ( $request_filename ~ band/look-and-listen ) { rewrite ^ http://www.doindie.co.kr/bands/look-and-listen/ permanent; }
if ( $request_filename ~ band/nukie ) { rewrite ^ http://www.doindie.co.kr/bands/nukie/ permanent; }
if ( $request_filename ~ band/fellas ) { rewrite ^ http://www.doindie.co.kr/bands/fellas/ permanent; }
if ( $request_filename ~ band/surisuri-mahasuri ) { rewrite ^ http://www.doindie.co.kr/bands/surisuri-mahasuri/ permanent; }
if ( $request_filename ~ band/amado-leejaram-band ) { rewrite ^ http://www.doindie.co.kr/bands/amado-leejaram-bands/ permanent; }
if ( $request_filename ~ band/bulnabang-star-sausage-club ) { rewrite ^ http://www.doindie.co.kr/bands/bulnabang-star-sausage-club/ permanent; }
if ( $request_filename ~ band/wagwak ) { rewrite ^ http://www.doindie.co.kr/bands/wagwak/ permanent; }
if ( $request_filename ~ band/smacksoft ) { rewrite ^ http://www.doindie.co.kr/bands/smacksoft/ permanent; }
if ( $request_filename ~ band/deulgughwa ) { rewrite ^ http://www.doindie.co.kr/bands/deulgughwa/ permanent; }
if ( $request_filename ~ band/fine ) { rewrite ^ http://www.doindie.co.kr/bands/fine/ permanent; }
if ( $request_filename ~ band/mang-gag-wha ) { rewrite ^ http://www.doindie.co.kr/bands/mang-gag-wha/ permanent; }
if ( $request_filename ~ band/hot-potato ) { rewrite ^ http://www.doindie.co.kr/bands/hot-potato/ permanent; }
if ( $request_filename ~ band/dickpunks ) { rewrite ^ http://www.doindie.co.kr/bands/dickpunks/ permanent; }
if ( $request_filename ~ band/taps-in-my-ear ) { rewrite ^ http://www.doindie.co.kr/bands/taps-in-my-ear/ permanent; }
if ( $request_filename ~ band/yb ) { rewrite ^ http://www.doindie.co.kr/bands/yb/ permanent; }
if ( $request_filename ~ band/remnants-of-the-fallen ) { rewrite ^ http://www.doindie.co.kr/bands/remnants-of-the-fallen/ permanent; }
if ( $request_filename ~ band/bulldog-mansion ) { rewrite ^ http://www.doindie.co.kr/bands/bulldog-mansion/ permanent; }
if ( $request_filename ~ band/nell ) { rewrite ^ http://www.doindie.co.kr/bands/nell/ permanent; }
if ( $request_filename ~ band/common-ground ) { rewrite ^ http://www.doindie.co.kr/bands/common-ground/ permanent; }
if ( $request_filename ~ band/broken-valentine ) { rewrite ^ http://www.doindie.co.kr/bands/broken-valentine/ permanent; }
if ( $request_filename ~ band/rose-motel ) { rewrite ^ http://www.doindie.co.kr/bands/rose-motel/ permanent; }
if ( $request_filename ~ band/urban-zakapa ) { rewrite ^ http://www.doindie.co.kr/bands/urban-zakapa/ permanent; }
if ( $request_filename ~ band/kim-sarang ) { rewrite ^ http://www.doindie.co.kr/bands/kim-sarang/ permanent; }
if ( $request_filename ~ band/romantic-punch ) { rewrite ^ http://www.doindie.co.kr/bands/romantic-punch/ permanent; }
if ( $request_filename ~ band/peppertones ) { rewrite ^ http://www.doindie.co.kr/bands/peppertones/ permanent; }
if ( $request_filename ~ band/bulssazo ) { rewrite ^ http://www.doindie.co.kr/bands/bulssazo/ permanent; }
if ( $request_filename ~ band/mood-salon ) { rewrite ^ http://www.doindie.co.kr/bands/mood-salon/ permanent; }
if ( $request_filename ~ band/naty ) { rewrite ^ http://www.doindie.co.kr/bands/naty/ permanent; }
if ( $request_filename ~ band/s-l-k ) { rewrite ^ http://www.doindie.co.kr/bands/s-l-k/ permanent; }
if ( $request_filename ~ band/junggigo ) { rewrite ^ http://www.doindie.co.kr/bands/junggigo/ permanent; }
if ( $request_filename ~ band/bon-kim ) { rewrite ^ http://www.doindie.co.kr/bands/bon-kim/ permanent; }
if ( $request_filename ~ band/jieun-oh ) { rewrite ^ http://www.doindie.co.kr/bands/jieun-oh/ permanent; }
if ( $request_filename ~ band/soran ) { rewrite ^ http://www.doindie.co.kr/bands/soran/ permanent; }
if ( $request_filename ~ band/one-more-chance ) { rewrite ^ http://www.doindie.co.kr/bands/one-more-chance/ permanent; }
if ( $request_filename ~ band/saltnpaper ) { rewrite ^ http://www.doindie.co.kr/bands/saltnpaper/ permanent; }
if ( $request_filename ~ band/axiz ) { rewrite ^ http://www.doindie.co.kr/bands/axiz/ permanent; }
if ( $request_filename ~ band/choi-gonne ) { rewrite ^ http://www.doindie.co.kr/bands/choi-gonne/ permanent; }
if ( $request_filename ~ band/broccoli-you-too ) { rewrite ^ http://www.doindie.co.kr/bands/broccoli-you-too/ permanent; }
if ( $request_filename ~ band/toxic ) { rewrite ^ http://www.doindie.co.kr/bands/toxic/ permanent; }
if ( $request_filename ~ band/nymulgoki ) { rewrite ^ http://www.doindie.co.kr/bands/nymulgoki/ permanent; }
if ( $request_filename ~ band/cosmos-hippie ) { rewrite ^ http://www.doindie.co.kr/bands/cosmos-hippie/ permanent; }
if ( $request_filename ~ band/kim-ji-su ) { rewrite ^ http://www.doindie.co.kr/bands/kim-ji-su/ permanent; }
if ( $request_filename ~ band/vanilla-acoustic ) { rewrite ^ http://www.doindie.co.kr/bands/vanilla-acoustic/ permanent; }
if ( $request_filename ~ band/ubares-picnic ) { rewrite ^ http://www.doindie.co.kr/bands/ubares-picnic/ permanent; }
if ( $request_filename ~ band/raspberry-field ) { rewrite ^ http://www.doindie.co.kr/bands/raspberry-field/ permanent; }
if ( $request_filename ~ band/garlixx ) { rewrite ^ http://www.doindie.co.kr/bands/garlixx/ permanent; }
if ( $request_filename ~ band/%ec%b0%b8%ea%b9%a8%ec%99%80-%ec%86%9c%ec%82%ac%ed%83%95 ) { rewrite ^ http://www.doindie.co.kr/bands/%ec%b0%b8%ea%b9%a8%ec%99%80-%ec%86%9c%ec%82%ac%ed%83%95/ permanent; }
if ( $request_filename ~ band/square-the-circle ) { rewrite ^ http://www.doindie.co.kr/bands/square-the-circle/ permanent; }
if ( $request_filename ~ band/rainbow-stage ) { rewrite ^ http://www.doindie.co.kr/bands/rainbow-stage/ permanent; }
if ( $request_filename ~ band/strangebar ) { rewrite ^ http://www.doindie.co.kr/bands/strangebar/ permanent; }
if ( $request_filename ~ band/bad-black-bones ) { rewrite ^ http://www.doindie.co.kr/bands/bad-black-bones/ permanent; }
if ( $request_filename ~ band/deep-gray ) { rewrite ^ http://www.doindie.co.kr/bands/deep-gray/ permanent; }
if ( $request_filename ~ band/lim-woojin ) { rewrite ^ http://www.doindie.co.kr/bands/lim-woojin/ permanent; }
if ( $request_filename ~ band/swingnflower ) { rewrite ^ http://www.doindie.co.kr/bands/swingnflower/ permanent; }
if ( $request_filename ~ band/conic-section ) { rewrite ^ http://www.doindie.co.kr/bands/conic-section/ permanent; }
if ( $request_filename ~ band/electricity-flowing ) { rewrite ^ http://www.doindie.co.kr/bands/electricity-flowing/ permanent; }
if ( $request_filename ~ band/party-maker ) { rewrite ^ http://www.doindie.co.kr/bands/party-maker/ permanent; }
if ( $request_filename ~ band/missing-lucille ) { rewrite ^ http://www.doindie.co.kr/bands/missing-lucille/ permanent; }
if ( $request_filename ~ band/giant-bear ) { rewrite ^ http://www.doindie.co.kr/bands/giant-bear/ permanent; }
if ( $request_filename ~ band/cryim ) { rewrite ^ http://www.doindie.co.kr/bands/cryim/ permanent; }
if ( $request_filename ~ band/gutz ) { rewrite ^ http://www.doindie.co.kr/bands/gutz/ permanent; }
if ( $request_filename ~ band/itta ) { rewrite ^ http://www.doindie.co.kr/bands/itta/ permanent; }
if ( $request_filename ~ band/funny-people ) { rewrite ^ http://www.doindie.co.kr/bands/funny-people/ permanent; }
if ( $request_filename ~ band/seoul-bluez ) { rewrite ^ http://www.doindie.co.kr/bands/seoul-bluez/ permanent; }
if ( $request_filename ~ band/dabda ) { rewrite ^ http://www.doindie.co.kr/bands/dabda/ permanent; }
if ( $request_filename ~ band/pavlov ) { rewrite ^ http://www.doindie.co.kr/bands/pavlov/ permanent; }
if ( $request_filename ~ band/beatniks ) { rewrite ^ http://www.doindie.co.kr/bands/beatniks/ permanent; }
if ( $request_filename ~ band/guten-birds ) { rewrite ^ http://www.doindie.co.kr/bands/guten-birds/ permanent; }
if ( $request_filename ~ band/telefly ) { rewrite ^ http://www.doindie.co.kr/bands/telefly/ permanent; }
if ( $request_filename ~ band/feverdogs ) { rewrite ^ http://www.doindie.co.kr/bands/feverdogs/ permanent; }
if ( $request_filename ~ band/lobotomy ) { rewrite ^ http://www.doindie.co.kr/bands/lobotomy/ permanent; }
if ( $request_filename ~ band/lips-bite ) { rewrite ^ http://www.doindie.co.kr/bands/lips-bite/ permanent; }
if ( $request_filename ~ band/mustang-sally ) { rewrite ^ http://www.doindie.co.kr/bands/mustang-sally/ permanent; }
if ( $request_filename ~ band/evening ) { rewrite ^ http://www.doindie.co.kr/bands/evening/ permanent; }
if ( $request_filename ~ band/graye ) { rewrite ^ http://www.doindie.co.kr/bands/graye/ permanent; }
if ( $request_filename ~ band/mintgreen ) { rewrite ^ http://www.doindie.co.kr/bands/mintgreen/ permanent; }
if ( $request_filename ~ band/green-flame-boys ) { rewrite ^ http://www.doindie.co.kr/bands/green-flame-boys/ permanent; }
if ( $request_filename ~ band/princess-disease ) { rewrite ^ http://www.doindie.co.kr/bands/princess-disease/ permanent; }
if ( $request_filename ~ band/light-and-noise ) { rewrite ^ http://www.doindie.co.kr/bands/light-and-noise/ permanent; }
if ( $request_filename ~ band/oyster-boys ) { rewrite ^ http://www.doindie.co.kr/bands/oyster-boys/ permanent; }
if ( $request_filename ~ band/riot-kidz ) { rewrite ^ http://www.doindie.co.kr/bands/riot-kidz/ permanent; }
if ( $request_filename ~ band/monkeaybeatz ) { rewrite ^ http://www.doindie.co.kr/bands/monkeaybeatz/ permanent; }
if ( $request_filename ~ band/the-losers ) { rewrite ^ http://www.doindie.co.kr/bands/the-losers/ permanent; }
if ( $request_filename ~ band/viva-city ) { rewrite ^ http://www.doindie.co.kr/bands/viva-city/ permanent; }
if ( $request_filename ~ band/pink-elephant ) { rewrite ^ http://www.doindie.co.kr/bands/pink-elephant/ permanent; }
if ( $request_filename ~ band/the-mguys ) { rewrite ^ http://www.doindie.co.kr/bands/the-mguys/ permanent; }
if ( $request_filename ~ band/roundheads ) { rewrite ^ http://www.doindie.co.kr/bands/roundheads/ permanent; }
if ( $request_filename ~ band/tonics ) { rewrite ^ http://www.doindie.co.kr/bands/tonics/ permanent; }
if ( $request_filename ~ band/ludistelo ) { rewrite ^ http://www.doindie.co.kr/bands/ludistelo/ permanent; }
if ( $request_filename ~ band/gurueung-train ) { rewrite ^ http://www.doindie.co.kr/bands/gurueung-train/ permanent; }
if ( $request_filename ~ band/the-roosters ) { rewrite ^ http://www.doindie.co.kr/bands/the-roosters/ permanent; }
if ( $request_filename ~ band/lazybone ) { rewrite ^ http://www.doindie.co.kr/bands/lazybone/ permanent; }
if ( $request_filename ~ band/seoul-riddim-superclub ) { rewrite ^ http://www.doindie.co.kr/bands/seoul-riddim-superclub/ permanent; }
if ( $request_filename ~ band/keyswitch ) { rewrite ^ http://www.doindie.co.kr/bands/keyswitch/ permanent; }
if ( $request_filename ~ band/people-and-people ) { rewrite ^ http://www.doindie.co.kr/bands/people-and-people/ permanent; }
if ( $request_filename ~ band/summer-never-comes ) { rewrite ^ http://www.doindie.co.kr/bands/summer-never-comes/ permanent; }
if ( $request_filename ~ band/swindlers ) { rewrite ^ http://www.doindie.co.kr/bands/swindlers/ permanent; }
if ( $request_filename ~ band/the-cockrasher ) { rewrite ^ http://www.doindie.co.kr/bands/the-cockrasher/ permanent; }
if ( $request_filename ~ band/burn-my-bridges ) { rewrite ^ http://www.doindie.co.kr/bands/burn-my-bridges/ permanent; }
if ( $request_filename ~ band/patients ) { rewrite ^ http://www.doindie.co.kr/bands/patients/ permanent; }
if ( $request_filename ~ band/icy-cider ) { rewrite ^ http://www.doindie.co.kr/bands/icy-cider/ permanent; }
if ( $request_filename ~ band/ninano-nanda ) { rewrite ^ http://www.doindie.co.kr/bands/ninano-nanda/ permanent; }
if ( $request_filename ~ band/unchained ) { rewrite ^ http://www.doindie.co.kr/bands/unchained/ permanent; }
if ( $request_filename ~ band/yeonnam-dong-dumb-dumber ) { rewrite ^ http://www.doindie.co.kr/bands/yeonnam-dong-dumb-dumber/ permanent; }
if ( $request_filename ~ band/whatever-that-means ) { rewrite ^ http://www.doindie.co.kr/bands/whatever-that-means/ permanent; }
if ( $request_filename ~ band/human-race ) { rewrite ^ http://www.doindie.co.kr/bands/human-race/ permanent; }
if ( $request_filename ~ band/bard ) { rewrite ^ http://www.doindie.co.kr/bands/bard/ permanent; }
if ( $request_filename ~ band/rude-paper ) { rewrite ^ http://www.doindie.co.kr/bands/rude-paper/ permanent; }
if ( $request_filename ~ band/transfixion ) { rewrite ^ http://www.doindie.co.kr/bands/transfixion/ permanent; }
if ( $request_filename ~ band/titan-slang ) { rewrite ^ http://www.doindie.co.kr/bands/titan-slang/ permanent; }
if ( $request_filename ~ band/mushrums ) { rewrite ^ http://www.doindie.co.kr/bands/mushrums/ permanent; }
if ( $request_filename ~ band/sugarbowl ) { rewrite ^ http://www.doindie.co.kr/bands/sugarbowl/ permanent; }
if ( $request_filename ~ band/jah-mai-band ) { rewrite ^ http://www.doindie.co.kr/bands/jah-mai-bands/ permanent; }
if ( $request_filename ~ band/monkeyz ) { rewrite ^ http://www.doindie.co.kr/bands/monkeyz/ permanent; }
if ( $request_filename ~ band/siberian-husky ) { rewrite ^ http://www.doindie.co.kr/bands/siberian-husky/ permanent; }
if ( $request_filename ~ band/demicat ) { rewrite ^ http://www.doindie.co.kr/bands/demicat/ permanent; }
if ( $request_filename ~ band/tama-vagabond ) { rewrite ^ http://www.doindie.co.kr/bands/tama-vagabond/ permanent; }
if ( $request_filename ~ band/javo-island ) { rewrite ^ http://www.doindie.co.kr/bands/javo-island/ permanent; }
if ( $request_filename ~ band/nemesis ) { rewrite ^ http://www.doindie.co.kr/bands/nemesis/ permanent; }
if ( $request_filename ~ band/%eb%b2%84%eb%8b%9d%ed%96%85%eb%b2%88 ) { rewrite ^ http://www.doindie.co.kr/bands/%eb%b2%84%eb%8b%9d%ed%96%85%eb%b2%88/ permanent; }
if ( $request_filename ~ band/%ec%9a%94%ec%a1%b0 ) { rewrite ^ http://www.doindie.co.kr/bands/%ec%9a%94%ec%a1%b0/ permanent; }
if ( $request_filename ~ band/%ed%85%8c%ec%9d%b4%eb%b8%94%ed%94%bc%ed%94%8c ) { rewrite ^ http://www.doindie.co.kr/bands/%ed%85%8c%ec%9d%b4%eb%b8%94%ed%94%bc%ed%94%8c/ permanent; }
if ( $request_filename ~ band/%ed%83%80%eb%af%b8%ec%8b%9d%ec%8a%a4 ) { rewrite ^ http://www.doindie.co.kr/bands/%ed%83%80%eb%af%b8%ec%8b%9d%ec%8a%a4/ permanent; }
if ( $request_filename ~ band/%eb%89%b4%ed%8a%bc ) { rewrite ^ http://www.doindie.co.kr/bands/%eb%89%b4%ed%8a%bc/ permanent; }
if ( $request_filename ~ band/soul-summit ) { rewrite ^ http://www.doindie.co.kr/bands/soul-summit/ permanent; }
if ( $request_filename ~ band/pentasonic ) { rewrite ^ http://www.doindie.co.kr/bands/pentasonic/ permanent; }
if ( $request_filename ~ band/colours ) { rewrite ^ http://www.doindie.co.kr/bands/colours/ permanent; }
if ( $request_filename ~ band/vicious-glare ) { rewrite ^ http://www.doindie.co.kr/bands/vicious-glare/ permanent; }
if ( $request_filename ~ band/hong-gab ) { rewrite ^ http://www.doindie.co.kr/bands/hong-gab/ permanent; }
if ( $request_filename ~ band/cannibal-heart ) { rewrite ^ http://www.doindie.co.kr/bands/cannibal-heart/ permanent; }
if ( $request_filename ~ band/sehee ) { rewrite ^ http://www.doindie.co.kr/bands/sehee/ permanent; }
if ( $request_filename ~ band/satellights ) { rewrite ^ http://www.doindie.co.kr/bands/satellights/ permanent; }
if ( $request_filename ~ band/the-air-below ) { rewrite ^ http://www.doindie.co.kr/bands/the-air-below/ permanent; }
if ( $request_filename ~ band/the-ratios ) { rewrite ^ http://www.doindie.co.kr/bands/the-ratios/ permanent; }
if ( $request_filename ~ band/verity-ava ) { rewrite ^ http://www.doindie.co.kr/bands/verity-ava/ permanent; }
if ( $request_filename ~ band/chico-cubo ) { rewrite ^ http://www.doindie.co.kr/bands/chico-cubo/ permanent; }
if ( $request_filename ~ band/the-dammit-janets-2 ) { rewrite ^ http://www.doindie.co.kr/bands/the-dammit-janets-2/ permanent; }
if ( $request_filename ~ band/band-1111 ) { rewrite ^ http://www.doindie.co.kr/bands/bands-1111/ permanent; }
if ( $request_filename ~ band/yamagata-tweakster ) { rewrite ^ http://www.doindie.co.kr/bands/yamagata-tweakster/ permanent; }
if ( $request_filename ~ band/activity ) { rewrite ^ http://www.doindie.co.kr/bands/activity/ permanent; }
if ( $request_filename ~ band/morrison-hotel ) { rewrite ^ http://www.doindie.co.kr/bands/morrison-hotel/ permanent; }
if ( $request_filename ~ band/plastic-heart ) { rewrite ^ http://www.doindie.co.kr/bands/plastic-heart/ permanent; }
if ( $request_filename ~ band/jake-the-slut ) { rewrite ^ http://www.doindie.co.kr/bands/jake-the-slut/ permanent; }
if ( $request_filename ~ band/fromm ) { rewrite ^ http://www.doindie.co.kr/bands/fromm/ permanent; }
if ( $request_filename ~ band/sioen ) { rewrite ^ http://www.doindie.co.kr/bands/sioen/ permanent; }
if ( $request_filename ~ band/startline ) { rewrite ^ http://www.doindie.co.kr/bands/startline/ permanent; }
if ( $request_filename ~ band/eunsu-lee ) { rewrite ^ http://www.doindie.co.kr/bands/eunsu-lee/ permanent; }
if ( $request_filename ~ band/so-long-buffalo ) { rewrite ^ http://www.doindie.co.kr/bands/so-long-buffalo/ permanent; }
if ( $request_filename ~ band/ladies ) { rewrite ^ http://www.doindie.co.kr/bands/ladies/ permanent; }
if ( $request_filename ~ band/dead-buttons ) { rewrite ^ http://www.doindie.co.kr/bands/dead-buttons/ permanent; }
if ( $request_filename ~ band/cranfield ) { rewrite ^ http://www.doindie.co.kr/bands/cranfield/ permanent; }
if ( $request_filename ~ band/say-sue-me ) { rewrite ^ http://www.doindie.co.kr/bands/say-sue-me/ permanent; }
if ( $request_filename ~ band/mememe ) { rewrite ^ http://www.doindie.co.kr/bands/mememe/ permanent; }
if ( $request_filename ~ band/assassination-squad ) { rewrite ^ http://www.doindie.co.kr/bands/assassination-squad/ permanent; }
if ( $request_filename ~ band/herz-band ) { rewrite ^ http://www.doindie.co.kr/bands/herz-bands/ permanent; }
if ( $request_filename ~ band/yuppiekiller ) { rewrite ^ http://www.doindie.co.kr/bands/yuppiekiller/ permanent; }
if ( $request_filename ~ band/burning-monkeys ) { rewrite ^ http://www.doindie.co.kr/bands/burning-monkeys/ permanent; }
if ( $request_filename ~ band/hollow-jan ) { rewrite ^ http://www.doindie.co.kr/bands/hollow-jan/ permanent; }
if ( $request_filename ~ band/amor-fati ) { rewrite ^ http://www.doindie.co.kr/bands/amor-fati/ permanent; }
if ( $request_filename ~ band/sori-museum ) { rewrite ^ http://www.doindie.co.kr/bands/sori-museum/ permanent; }
if ( $request_filename ~ band/flying-dog ) { rewrite ^ http://www.doindie.co.kr/bands/flying-dog/ permanent; }
if ( $request_filename ~ band/jesper ) { rewrite ^ http://www.doindie.co.kr/bands/jesper/ permanent; }
if ( $request_filename ~ venue/powwow ) { rewrite ^ http://www.doindie.co.kr/venues/powwow/ permanent; }
if ( $request_filename ~ venue/prism-hall ) { rewrite ^ http://www.doindie.co.kr/venues/prism-hall/ permanent; }
if ( $request_filename ~ venue/salon-badabie ) { rewrite ^ http://www.doindie.co.kr/venues/salon-badabie/ permanent; }
if ( $request_filename ~ venue/club-bbang ) { rewrite ^ http://www.doindie.co.kr/venues/club-bbang/ permanent; }
if ( $request_filename ~ venue/freebird ) { rewrite ^ http://www.doindie.co.kr/venues/freebird/ permanent; }
if ( $request_filename ~ venue/soundholicity ) { rewrite ^ http://www.doindie.co.kr/venues/soundholicity/ permanent; }
if ( $request_filename ~ venue/cafe-unplugged ) { rewrite ^ http://www.doindie.co.kr/venues/cafe-unplugged/ permanent; }
if ( $request_filename ~ venue/queenlivehall ) { rewrite ^ http://www.doindie.co.kr/venues/queenlivehall/ permanent; }
if ( $request_filename ~ venue/ax-korea ) { rewrite ^ http://www.doindie.co.kr/venues/ax-korea/ permanent; }
if ( $request_filename ~ venue/c-cloud ) { rewrite ^ http://www.doindie.co.kr/venues/c-cloud/ permanent; }
if ( $request_filename ~ venue/cj-azit ) { rewrite ^ http://www.doindie.co.kr/venues/cj-azit/ permanent; }
if ( $request_filename ~ venue/broken-teeth ) { rewrite ^ http://www.doindie.co.kr/venues/broken-teeth/ permanent; }
if ( $request_filename ~ venue/moon-night ) { rewrite ^ http://www.doindie.co.kr/venues/moon-night/ permanent; }
if ( $request_filename ~ venue/v-hall ) { rewrite ^ http://www.doindie.co.kr/venues/v-hall/ permanent; }
if ( $request_filename ~ venue/keukeu ) { rewrite ^ http://www.doindie.co.kr/venues/keukeu/ permanent; }
if ( $request_filename ~ venue/gogos-2 ) { rewrite ^ http://www.doindie.co.kr/venues/gogos-2/ permanent; }
if ( $request_filename ~ venue/kuchu-camp ) { rewrite ^ http://www.doindie.co.kr/venues/kuchu-camp/ permanent; }
if ( $request_filename ~ venue/d-d-da ) { rewrite ^ http://www.doindie.co.kr/venues/d-d-da/ permanent; }
if ( $request_filename ~ venue/didim-hall ) { rewrite ^ http://www.doindie.co.kr/venues/didim-hall/ permanent; }
if ( $request_filename ~ venue/rolling-hall-2 ) { rewrite ^ http://www.doindie.co.kr/venues/rolling-hall-2/ permanent; }
if ( $request_filename ~ venue/mudaeruk ) { rewrite ^ http://www.doindie.co.kr/venues/mudaeruk/ permanent; }
if ( $request_filename ~ venue/veloso ) { rewrite ^ http://www.doindie.co.kr/venues/veloso/ permanent; }
if ( $request_filename ~ venue/sapiens-7 ) { rewrite ^ http://www.doindie.co.kr/venues/sapiens-7/ permanent; }
if ( $request_filename ~ venue/sangsang-madang ) { rewrite ^ http://www.doindie.co.kr/venues/sangsang-madang/ permanent; }
if ( $request_filename ~ venue/strangefruit ) { rewrite ^ http://www.doindie.co.kr/venues/strangefruit/ permanent; }
if ( $request_filename ~ venue/club-spot ) { rewrite ^ http://www.doindie.co.kr/venues/club-spot/ permanent; }
if ( $request_filename ~ venue/yogiga ) { rewrite ^ http://www.doindie.co.kr/venues/yogiga/ permanent; }
if ( $request_filename ~ venue/dgbd ) { rewrite ^ http://www.doindie.co.kr/venues/dgbd/ permanent; }
if ( $request_filename ~ venue/club-ff ) { rewrite ^ http://www.doindie.co.kr/venues/club-ff/ permanent; }
if ( $request_filename ~ venue/club-ta ) { rewrite ^ http://www.doindie.co.kr/venues/club-ta/ permanent; }
if ( $request_filename ~ venue/ebs-space ) { rewrite ^ http://www.doindie.co.kr/venues/ebs-space/ permanent; }
if ( $request_filename ~ venue/lig-art-hall-gangnam ) { rewrite ^ http://www.doindie.co.kr/venues/lig-art-hall-gangnam/ permanent; }
if ( $request_filename ~ venue/lig-art-hall-hapjeong ) { rewrite ^ http://www.doindie.co.kr/venues/lig-art-hall-hapjeong/ permanent; }
if ( $request_filename ~ venue/evans ) { rewrite ^ http://www.doindie.co.kr/venues/evans/ permanent; }
if ( $request_filename ~ venue/platoon-kunsthalle ) { rewrite ^ http://www.doindie.co.kr/venues/platoon-kunsthalle/ permanent; }
if ( $request_filename ~ venue/space-moon ) { rewrite ^ http://www.doindie.co.kr/venues/space-moon/ permanent; }
if ( $request_filename ~ venue/lowrise ) { rewrite ^ http://www.doindie.co.kr/venues/lowrise/ permanent; }
if ( $request_filename ~ venue/indifan ) { rewrite ^ http://www.doindie.co.kr/venues/indifan/ permanent; }
if ( $request_filename ~ venue/seoul-salon ) { rewrite ^ http://www.doindie.co.kr/venues/seoul-salon/ permanent; }
if ( $request_filename ~ venue/dgbs ) { rewrite ^ http://www.doindie.co.kr/venues/dgbs/ permanent; }
if ( $request_filename ~ venue/curly-sol ) { rewrite ^ http://www.doindie.co.kr/venues/curly-sol/ permanent; }
if ( $request_filename ~ venue/rainbow-bar ) { rewrite ^ http://www.doindie.co.kr/venues/rainbow-bar/ permanent; }
if ( $request_filename ~ venue/club-crack ) { rewrite ^ http://www.doindie.co.kr/venues/club-crack/ permanent; }
if ( $request_filename ~ venue/all-of-rock-a-o-r ) { rewrite ^ http://www.doindie.co.kr/venues/all-of-rock-a-o-r/ permanent; }
if ( $request_filename ~ venue/dolce ) { rewrite ^ http://www.doindie.co.kr/venues/dolce/ permanent; }
if ( $request_filename ~ venue/banana-bar ) { rewrite ^ http://www.doindie.co.kr/venues/banana-bar/ permanent; }
if ( $request_filename ~ venue/rock-station ) { rewrite ^ http://www.doindie.co.kr/venues/rock-station/ permanent; }
if ( $request_filename ~ venue/radio-star ) { rewrite ^ http://www.doindie.co.kr/venues/radio-star/ permanent; }
if ( $request_filename ~ venue/led-zeppelin ) { rewrite ^ http://www.doindie.co.kr/venues/led-zeppelin/ permanent; }
if ( $request_filename ~ venue/live-hall-oz ) { rewrite ^ http://www.doindie.co.kr/venues/live-hall-oz/ permanent; }
if ( $request_filename ~ venue/nori-bar ) { rewrite ^ http://www.doindie.co.kr/venues/nori-bar/ permanent; }
if ( $request_filename ~ venue/yellow-taxi ) { rewrite ^ http://www.doindie.co.kr/venues/yellow-taxi/ permanent; }
if ( $request_filename ~ venue/auteur ) { rewrite ^ http://www.doindie.co.kr/venues/auteur/ permanent; }
if ( $request_filename ~ venue/club-heavy ) { rewrite ^ http://www.doindie.co.kr/venues/club-heavy/ permanent; }
if ( $request_filename ~ venue/jebidabang ) { rewrite ^ http://www.doindie.co.kr/venues/jebidabang/ permanent; }
if ( $request_filename ~ venue/nestnada ) { rewrite ^ http://www.doindie.co.kr/venues/nestnada/ permanent; }
if ( $request_filename ~ venue/club-realize ) { rewrite ^ http://www.doindie.co.kr/venues/club-realize/ permanent; }
if ( $request_filename ~ venue/daegu-music-garage ) { rewrite ^ http://www.doindie.co.kr/venues/daegu-music-garage/ permanent; }
if ( $request_filename ~ venue/urban ) { rewrite ^ http://www.doindie.co.kr/venues/urban/ permanent; }
if ( $request_filename ~ venue/%eb%a1%b8%ec%9d%bc%eb%9d%bd ) { rewrite ^ http://www.doindie.co.kr/venues/%eb%a1%b8%ec%9d%bc%eb%9d%bd/ permanent; }
if ( $request_filename ~ venue/tungsten-hall ) { rewrite ^ http://www.doindie.co.kr/venues/tungsten-hall/ permanent; }
if ( $request_filename ~ venue/ol-55 ) { rewrite ^ http://www.doindie.co.kr/venues/ol-55/ permanent; }
if ( $request_filename ~ venue/vinyl-underground ) { rewrite ^ http://www.doindie.co.kr/venues/vinyl-underground/ permanent; }
if ( $request_filename ~ venue/basement-pub ) { rewrite ^ http://www.doindie.co.kr/venues/basement-pub/ permanent; }
if ( $request_filename ~ venue/yes24-muv-hall ) { rewrite ^ http://www.doindie.co.kr/venues/yes24-muv-hall/ permanent; }
if ( $request_filename ~ venue/geek-livehouse ) { rewrite ^ http://www.doindie.co.kr/venues/geek-livehouse/ permanent; }
